"Axis1","Axis2","Axis3"
0.153474305851869,-1.64711573935476,1.60051670054293
1.52936089331181,-0.403736706869774,2.80156197809091
0.163650060998862,-0.304936720643313,2.66784981111699
0.272353523315121,-0.51823743109779,0.0942596723901318
1.08851333884084,0.475698738955964,1.77008484587633
1.65941090913411,0.357639662806752,1.84016538939469
1.17743431821192,-0.44614068237353,1.58155865698257
0.329858552683933,-0.244423945551584,1.12273194283788
2.51464018114054,0.717503978511279,3.2928298419829
1.16065842495803,-0.400310845071165,1.91645107006531
-0.703071442178618,-0.10940775927402,0.387600882501899
1.33027543959883,-1.52293521048986,2.06010640484778
1.29447157741905,0.221010237729209,2.55803115070892
1.90156061764193,1.10125808606057,1.20717238473852
1.03025895400651,0.452079779570623,1.24455238495492
-0.753728732060792,-0.207819137731605,1.94344283213403
1.99085273093935,-0.603333071433136,1.70809821888735
0.322240944770762,0.156127815972154,2.16299083275679
1.79805100331184,-0.477168643684587,2.98864938756144
1.47310146878577,-0.485891604379067,1.93530597296989
0.806026732370486,-0.696351410727042,0.921389201995811
0.568921219104033,-1.30499947413149,1.18781008231215
1.70137614599749,-1.93057727295293,3.09898460800144
0.835082924729018,-0.00424587214846592,1.7784742948818
1.74888678228348,0.655015502724071,1.25539152870263
1.10007409576978,-0.86764212012915,2.58386971079702
0.54946885167715,-0.911201831805929,1.5839260914352
0.786134213315327,0.948503782115714,0.334942419414549
2.16314276257,-1.07076472789695,0.115836368952724
0.476439749968453,-0.770797581373455,1.42153689431536
1.93351058050981,-1.33335818702647,1.51184403046349
1.89534709968845,0.557375256021933,1.57095360545478
1.77520760319711,0.218135318123107,2.58011871845233
1.88547464241449,0.737606685593791,1.57878390588094
0.808693597421609,-1.20768972070929,1.3638146504101
2.09989991508805,-0.568760904988846,2.27014136976071
0.537132273581221,-1.11897241861233,2.64684028372992
1.13132607106852,0.690591099341253,2.30914448468735
1.68700935141781,0.29498744992926,3.85139676003416
1.21105430389732,-0.76072640251104,2.52590437278492
1.55759536656796,0.441342922001801,3.03432166440624
1.23704257064878,0.328881698084983,2.46786554736755
0.40401707205932,-1.52359005872341,1.56419591902838
1.17085820917759,-0.779178740220589,2.58504464302805
2.10991557727916,-0.294084355197846,2.83605664324321
2.39991060110983,-0.746586878073185,2.02536356036142
1.97943017012473,-0.838674654923459,0.0799887544107834
1.86539552187828,-0.972139611581208,1.82693484374529
1.25176363560806,-1.01763237717916,2.06288027790611
0.0885558840483974,-0.142903423764499,1.48216590004957
1.31425966945842,-0.0755223845142841,2.3053988668448
2.09122688121077,0.212825993015497,1.04020997747864
0.159254066474317,-1.41257039468512,0.322276573776012
1.33687119727116,-1.6540357773874,2.48201042616126
2.69075472260006,-0.672650471853595,1.42143559270045
1.68633250508521,0.783475464356342,1.46864685201301
-1.26237046334775,-0.0742837518315681,2.51237464554997
1.84983508876389,1.10049004643414,2.1578609114163
0.299702420277006,-2.07188618990886,2.59943393181556
0.842557865029352,-0.183421514335918,1.44454263425104
0.888357559671423,0.161613604805245,1.75764978201415
0.870433263395232,-0.881567755579135,1.05887652535044
1.67025367809891,-0.144568207027925,2.00961622829045
1.53481984569041,-1.03851670687688,1.44420547851643
0.305204682190234,0.33424548135491,1.81617516178059
2.32408710592168,-1.2374336290495,2.58259564272653
2.10719502055423,-0.108349613420726,3.05422527193573
1.5680252990457,0.279998753481132,0.574367919501872
1.11811149531566,-1.2983587390375,1.61608173221634
0.751425730987995,0.141669856774656,2.72119548284123
1.67455729976007,0.0853533801799327,1.74498686915467
0.631481990130019,-1.44677569539081,2.23152509641572
1.50863805073551,-1.04291549030857,2.01346359231789
0.9204198356985,0.262734047626581,1.11809685218459
1.94692968795153,-0.530582815783667,1.48013773982702
1.95452286704314,-1.72652757249856,2.92598918035595
0.585295550059431,-0.375300828571006,1.96573678353159
1.93421620271694,-0.905271966213674,2.425151748186
0.733676699837547,-0.394782539776525,1.48812338715983
1.37623063382126,0.263339756767421,2.10469643129909
0.636162005243483,-2.01249242073702,2.44171460201913
1.73788007480866,-0.779612470507398,0.057685288976916
0.316657533602646,-0.445677519871292,1.95245843274998
0.939150694507064,-2.08301191927845,2.61016587223939
1.79231901507897,0.143253776176311,2.56332988236531
1.17758183133553,-0.167024547594437,2.30476306016999
2.92830976054732,0.0694233155657486,1.4516458854258
1.31307671869691,-1.2670005428677,3.09597486405227
1.22144826841075,-0.218040242272374,2.15269020273392
2.44671110947326,-0.0247255364283811,1.50695138202865
1.45308793100055,-1.40218445777904,2.56483945002067
1.18675464919608,0.0545524791409867,1.84289383164789
1.89510613606214,-1.41411851825265,2.08121584651194
0.687973134931049,0.576581904471059,2.51865586836408
0.602973441637833,-0.994211796574344,1.9252196512413
0.122752995735277,1.25463649033732,0.569337241150841
0.313445148771135,-1.58158531174524,2.16272691341462
1.6848756505916,-1.57496088424759,1.09217015935918
0.795101519608391,0.1972924862804,1.69090937204945
0.491909397873808,-1.82486078041603,2.38232805145206
-3.16148990533054,-1.52233115715348,0.0613925909261367
-3.29799004491484,-1.27547426019958,-1.96845716237176
-1.88237801339323,-0.5600179029845,-1.36826614500313
-3.55361568957332,-1.11562240791982,-0.350324644851269
-3.65520397408568,-0.666744739756425,-0.468415747866853
-4.12914625669132,-1.56032907557298,-1.03269075746037
-3.8758442068911,-1.19099640371224,-0.564808459455398
-2.43630230119499,0.699516353054341,-1.12763280269986
-3.92773248911883,-2.86834287587231,-0.648170426981502
-2.74148661290699,-1.20873761812127,-0.594599258018695
-2.35878262636395,-0.717720963724278,-1.54212770061113
-0.0427152398805702,-1.59306099440047,-0.788136016374849
-2.74623834636575,-0.958543183920997,-0.377636818759622
-2.12698750426295,-2.02109532641388,-1.77038852264993
-4.18815449311153,-1.05904035545267,-0.821527672377911
-1.09177827728187,-0.690891375753929,0.0827837492609986
-3.24281677104276,-2.04651617243516,-1.0716802167002
-2.85797375527871,-1.16110096054975,-0.656672800085053
-3.72161894232376,-1.38032110520962,-1.03478870695398
-1.89223859238139,-0.146878784754011,-0.51925268095545
-1.24477994682452,-2.57546316400636,0.337920634730223
-2.71460914807649,-0.666608978662916,-2.39636755642134
-2.16552309261555,-2.27591382893831,-0.572913386477051
-2.89262243048546,-1.71251064329684,-1.30682066736656
-3.71641785036321,-1.38395330551569,-0.473094689978404
-2.40593585182521,-1.10926990821998,-1.52018950909859
-4.19971249286747,-1.909598563742,-2.82909806696428
-2.37298778215504,-1.11134662046614,-1.03933815173084
-2.37904065532479,-0.949052647913709,-1.04728972449107
-1.90935105038535,-2.21122476546086,0.61504384886749
-3.03927926860195,-2.8240686247684,-0.672035634570524
-2.75244510815524,-1.34892103862608,-1.39442485158952
-3.15539569162241,-1.66143713582167,-0.10930572008248
-3.61582218935191,-2.21466649443475,-2.69479366492763
-2.41359105319996,-2.33864595227361,0.195650742124837
-2.87917103612912,-0.946144259458413,-2.32797551057674
-2.59346275674131,-2.31484721612346,-0.15320810200455
-3.71797053940964,-2.52920184334075,-0.364792640313187
-4.04494584456636,-2.53965012638828,-1.50171678355932
-1.8365710351407,-0.854126833434315,-0.0677606203823253
-3.2277979118771,-0.852867847693293,-1.36466754353266
-2.39399763821541,-2.18553311107385,0.583805351668135
-2.74776229459238,-1.47574522666121,-0.5853311278784
-2.78864760347131,-1.38690716257985,-0.937124815636782
-3.48867551957192,-1.82379342235981,-1.31923732855455
-4.22200108454193,-0.971044839648502,0.18280390885751
-3.12580890613493,-2.23840339330878,-1.45904406694991
-1.83973799348336,-1.4590031404321,-1.19181315035472
-3.67457573984352,-2.09447147941315,-1.74898146261771
-3.47668432788782,-0.317903869232148,-0.824206314711824
-3.36114078864122,-2.2498427388108,0.825026380068037
-2.52846815992533,-0.932290167288972,-0.638167045013325
-2.4495540230074,-2.07647614069999,-1.10444517955448
-3.02470183412674,-1.0951002649569,-0.728375047306302
-3.77165145436382,-1.83796457670255,-1.22528312988882
-3.39289598390386,-1.47901793451202,-1.00587955098241
-3.31841553479109,-1.64430383664053,-0.942836695562195
-3.92134785525235,-0.875421881549236,-0.72450611510023
-3.49714606525036,-0.722356723543525,-1.61419394744481
-3.84117336471388,-1.85102363438622,-0.534829897119314
-4.52333183274875,-1.60289324201653,-0.459710641193578
-2.92978573106397,-0.986932246056619,-1.38543875255924
-2.06426597408626,-1.15611950045158,0.241238448656943
-1.954053781441,-1.81251505472442,-1.97741752233971
-3.0414936459558,-2.36451233684502,-0.723122262961625
-3.42781823351615,-1.13069637742846,0.0206774406389633
-2.21958258790918,-1.1357674377529,-0.197983077571891
-3.25224143869691,0.0906616739052913,-0.386627910101813
-3.00118711717768,-1.67406958047059,0.00812842300604195
-4.13599114329577,-1.85675972431705,-0.86743285845356
-2.83628573295227,-1.0851174218577,-0.183352685487286
-2.43183668121347,-1.26539261591875,1.04394980236589
-2.82066268110184,-1.71694397293479,0.721423402244576
-2.16985122840001,-0.774758839501832,-0.492558580809716
-3.15538205462325,-2.37746112606456,-0.202165575467638
-2.16549434485999,-1.28467389470067,-1.02828684199847
-3.42027017643412,-1.84867274262516,0.747986961082888
-2.70798347102482,-1.47370199347444,-1.52723892140039
-2.37097466459294,-1.48868919735112,-1.04469378209884
-0.802185514217898,-2.46562457763008,0.0395320890741958
-3.38580845245825,-2.49397942571153,-1.36484491788691
-3.90524487863553,-1.69535009731092,-1.59930204734522
-1.75269073249027,-1.83789282945109,-0.552129406565392
-2.20911555942726,-0.794700427922946,-2.9226942931522
-1.02347110728424,-2.51916171775514,-1.5097050161142
-2.91689217471815,-0.226499226602502,-2.49325844324265
-0.733490037044846,-0.431118943837071,-0.264806850032383
-3.78241790145267,-1.60686702565977,-2.20971664621782
-2.79660534675315,-1.09554610747294,-0.791841198438508
-3.19222408175295,-2.0439713800192,-0.48213546680534
-2.2970259785169,-0.554289487750801,-0.847199199095296
-3.11716719859088,-0.41142798355293,-0.736996886189974
-2.93983977896969,-0.215245318503493,-0.538506791903663
-1.78905857455358,0.0843424546623224,-0.992752024678217
-2.07331103364262,-1.30389771725552,-0.3042916132152
-1.8589958533714,-2.23908684984978,-0.64939982315616
-2.45091978030234,-0.584036469781477,-1.04392177215365
-2.10930205454858,-1.15760326295919,-1.7563718858937
-3.09534675069689,-1.0196994521619,-1.25717277627609
-1.74183810577954,-2.25301879411175,-1.48160917959716
1.48085878040682,-0.923772823805656,0.227023330538026
1.50201614945667,-3.56390688316674,0.648851488020804
0.806640236686021,-1.8227677964705,-0.594300192825056
0.506873192021537,-1.40814600663468,0.387690027275536
0.660199590012111,-1.56706370871451,-0.85930200427256
-0.422870823429642,-1.56312287562766,0.575750883703868
0.789381901424122,-2.35010972932027,1.2187073446109
-0.709642410921424,-2.53756133228804,-0.833907388564264
0.764302038967728,-2.09979753612647,0.66253178262401
-0.660084275065765,-1.54755218759837,-0.515428964966681
0.960367440643982,-1.99753335046201,-1.62422762082275
0.848102819943855,-2.81294357671239,-0.460620567644112
-0.449713371785767,-1.93777182888984,-0.0859659076859302
0.712772752311507,-1.14051411597247,0.462879816521346
0.438231044960244,-2.68442870778354,0.255596691737454
-0.447069854557172,-2.4814639129732,1.01342935696286
1.11278687150782,-3.48175559868133,1.56601823596759
2.09442498668242,-1.62539686301062,0.943348081439247
-1.35533844569287,-1.77647415967876,-0.702769711762398
0.128362783661562,-0.968969809466185,0.159731708246977
0.382005443045503,-2.02515638877445,-1.17168529222522
-0.330212412510308,-3.11273765520939,0.835636317667607
0.123574181941501,-2.01947718811894,1.58516083399412
0.329912111034325,-1.57077478221348,0.523270277099885
1.32725105093091,-2.41113087374555,1.23561662261682
-1.45854534626893,-1.68879206222381,1.18257187317236
0.513920457647821,-3.30673916621734,-0.748908933857473
0.871782494444416,-1.70222923531208,0.540247511333686
0.373150838700946,-2.23533223058898,0.172876819520734
0.0505061049974142,-2.42002637621287,0.977318710390537
-0.277984072141555,-1.58180683689823,-0.412579874748242
0.73705459576087,-2.06323673690897,1.3408417001939
-0.132087716063332,-2.09272129777143,-0.778771045356947
0.175168291842608,-1.03982385771143,1.15099021935154
1.00779008796516,-2.43674587030407,0.928252397822236
2.16758618088348,-2.81793542556794,-0.532386224133181
-0.398132366052056,-1.9507576132351,0.257333022348881
-0.981610995521101,-2.51039567808626,-0.534101023468765
1.4219232984238,-2.06324303626258,0.233341968067639
-0.465343685190038,-1.66234870562268,0.234957650121286
0.221905158738838,-3.27489513836332,0.129157243272669
-0.0913874820530525,-2.47442618790265,0.15373773296459
1.5937491459609,-1.86051501275629,0.314277063569344
0.0342714575015651,-3.17232555622589,1.14832697138043
-1.4102168833768,-2.75628729488114,1.56790023181229
1.29082411459606,-1.26242394269157,0.947341589640493
-1.78426294755661,-2.41452714237231,-0.359852593493365
1.88201305718456,-2.90361308990397,-0.154175135806396
0.440914896651819,-1.81201491270713,-0.865379139065039
0.411093072542077,-2.72441394216651,-0.836275835735206
-0.583922869340107,-1.72581876401633,-0.638103975694289
0.054351167595171,-3.61918773669857,1.24138502013664
0.941434154864043,-2.17942058682577,-0.237912791414653
0.726436414305603,0.498303653118371,-0.761539468839106
1.67679361946864,-1.19062665141729,-0.0750697007365524
1.19905249509807,-0.521782359812395,0.577095496384696
0.736731249005539,-2.23134221508685,-1.08730257192905
1.16292864488819,-1.92828314493045,0.0795087287535927
-1.77423771023555,-1.22038294457498,1.01430067798679
-1.0367618609447,-3.46638222683261,0.901416031849044
-1.23703137099683,-3.16723534430809,-0.340923902729424
1.39715705379129,-2.00589559790673,-0.871769738461867
0.0395950419892492,-0.852746631938996,-0.418071830146918
-0.0596063055594966,-1.29244654659363,-0.676184401703818
1.63014667865736,-0.662518963431546,0.154752457532583
-0.637630052498577,-2.37793472322166,0.97387444565802
0.366645518663006,-3.60896072368903,0.305421002025847
1.53099945572236,-1.96118640102243,-0.642553125168114
0.756994940961631,-1.68212223279823,-0.381003538759009
-0.378356539827963,-3.56296050176286,0.76717040240639
0.764976435880269,-1.67165537907097,0.332916992663048
-0.24708013466375,-1.7857718888242,-0.384159838460693
-0.382217387119048,-0.812100253837627,0.3049786889285
0.362836521452337,-2.77736874319476,-0.813561683443868
0.839824662914437,-1.52702280412022,-1.35755689588765
0.31428788859697,-2.35694376858938,0.700260199808982
1.26289774280227,-1.14768372433852,1.07196650588917
0.755455815965019,-1.57648011234052,-0.361808314656501
0.395616016695988,-1.36608841253038,1.40649082335774
0.770162379721522,-0.264268550770334,-1.50255017137062
0.53356714049707,-1.78412208651267,0.643258026467726
0.749872282561461,-2.21471029598209,0.742456146240408
0.430112376641851,-1.68053303898755,0.562350674244472
1.93946199470243,-1.75009478588636,-0.327172324256883
-0.980342811828136,-1.98433259918319,-0.546114295798746
-0.486997534865135,-1.78498132787035,-0.815749011717853
0.557812155089586,-1.86066327775505,-0.67476835224773
-0.216079221923299,-1.85140160922857,1.34865088745959
0.491982707911399,-3.54786648550472,-0.491564846321059
-0.453473855008183,-1.98185520082935,-1.55878136738037
0.991470711997131,-3.03402927091184,0.694734246919047
1.34095240586216,-2.69514703698319,0.325609460584828
-0.252293195548907,-2.08735080281103,0.323648300083523
-1.13146393217568,-2.21099762864193,0.0957600569284593
-0.12450368299,-2.16513099246124,-0.601811982162258
0.591008629451537,-1.5908709847412,-0.842880778263634
-0.0512659238942445,-1.91496332283655,0.820570869660395
1.00627496111644,-2.51950500175461,0.255698305763183
0.00833673474898501,-2.26703213020333,1.20575321139743
0.712983567485737,-2.98677185771245,0.469761660533524
-0.908337481148735,2.74560775453669,0.776319719163221
-0.909849571046319,2.70602658937398,0.908487369374986
-2.29909702000355,1.45004327796405,1.82930834326713
-1.02969644646963,2.88844418973903,2.49045907002936
-1.68926090568721,3.00354672116716,0.710420024078186
-2.27185451085976,2.37295683014576,1.1444360025706
-2.73788817118276,2.04091181457841,2.08449323807422
-2.04589205314871,2.3872150034072,2.04435547056717
-2.65329731938256,2.26527586288505,1.21915837977864
-1.57330627886942,2.21738212030738,1.75825517012798
-1.3743418414325,2.59830074442063,1.30056787629009
-2.09758673383361,3.20499018537084,-0.0406463539971755
-0.396844305115055,1.80997737630056,1.8405926698866
-1.21003535838336,3.02297514158992,1.40306839900633
-2.36325868216804,3.54547268265136,0.73295963145621
-3.12184704721725,2.15847035026066,1.09507357855481
-1.10353662840304,2.49740061076111,0.751559851628983
-2.52395588517096,2.47656569577313,0.627745353233954
-1.94802597559962,2.54020229020264,1.50584613495656
-1.73450928612964,2.07284822647117,0.297545441574972
-2.12583993192123,2.71839954945354,1.17572725594796
-0.933423135001407,3.08290700592008,0.154324530910533
-2.50040415640837,2.54957886197435,1.31105149472898
-2.16430457128976,3.09085615703227,1.66020095162311
-1.29858252864662,1.01453333850607,0.141264624006689
-1.25104073632064,3.03006166713303,2.78334754556816
-1.12351470527354,1.67113491670043,0.456551646913551
-1.66035595896382,3.0259386030939,0.983217004526934
-1.10671867996101,2.93532518930301,0.714378916906344
-1.72464904065755,2.44570421974875,1.55419403272064
-1.9954527308111,3.30264135504168,2.38856808900485
-2.64404839824266,3.47657147886434,2.37555513747499
-2.30995120778496,1.62427462149131,0.172413599693879
-1.6667617862483,3.21803932138702,1.69211425425917
-2.40341263197895,2.36936457032615,1.19013908147222
-1.65355663422175,2.29110576147259,1.25192151042615
-2.08834107143343,2.76198506381479,0.298106901814881
-1.78009584510194,2.67100924150234,2.43323708040125
-2.19981224124934,1.56489953493418,1.55352108316736
-3.01454074352574,2.94189742584358,0.413594694046691
-1.28378328672109,1.7463217616062,0.697001770297485
-2.62588791863907,3.19860331029326,1.29251775959844
-2.40099492460312,2.26204183714094,1.2812990548033
-0.766024176848601,2.58420757901144,0.946173254243047
-2.01750363916659,2.7627819296947,0.988322615826908
-2.66727191769172,2.00817814406678,0.365246530989143
-2.22974456796638,3.2338897908761,0.230596465234626
-2.66084566827618,3.35540107775347,1.05346856218955
-1.71547673650031,2.47188329154473,1.61250986823996
-1.50062302421567,3.45163671432285,0.839315861107566
0.55555910045664,2.57487974047173,0.182935521573572
-1.77269828577547,3.42585884111067,0.717332043263908
-2.08873708909868,1.14508773553846,1.49984524731632
-1.47065011021628,1.57885011660729,1.68429892438209
-1.36201285140055,2.47207536822413,1.54032175218027
-1.55349861432811,1.86613450785455,1.45863485907246
-1.50565484056295,1.4395299785572,1.84074256258598
-0.263280975191491,2.23714707971668,0.088522396150246
-1.62760120580591,2.65719512607049,0.702207411230622
-1.58295708362937,2.20167592105544,0.977381609654391
-1.76324478846795,2.21368627621623,0.574383891420422
-1.67927517764745,2.47070662921522,1.22075685513235
-2.3654422521046,2.10971965112779,0.547755048635293
-1.27598975561191,2.4593143666199,1.01605806588962
-2.35521898529618,2.7343332230531,1.21269527263034
-1.32427840910595,3.07071718177477,2.22614184490735
-0.978311556506398,2.18941200760018,0.423351404695141
-0.719646234047809,2.72387892529459,1.41806749286077
-0.444212741998938,3.09609169807549,0.706712942118077
-3.50291355777734,1.93284012154437,1.28544456303872
-2.40875007668862,2.40487945403506,0.982065356901999
-2.30520221702078,2.2561266771618,0.973642515095012
-1.61575021084799,2.22763629594632,1.08634420324606
-1.65690338821085,2.83429740952455,0.267498937706026
-0.532749690896225,2.2589697038538,0.630256426670022
-0.20538411024401,2.36058593880549,0.633248593618489
-0.727879657847772,2.35291374372377,0.829405150668766
-2.26886917514189,2.1563636388675,-0.361914022760729
-1.55648572949307,2.30109769582612,0.524201932146867
-0.291258251566669,3.66506519576537,0.102306874406148
-1.28837629447309,3.26587705961982,-0.0579347227490343
-1.37691379448514,1.74098880380663,0.931256603459501
-2.69269812813465,3.06230867041101,0.824868601826879
-1.43799044343395,2.81444635553839,0.792258337574401
-2.04387023751909,3.03735058981494,1.00918823179525
-2.90864594591831,2.0962624783207,0.870399182744499
-2.75893363097238,0.98475662712758,1.12701745845048
-2.2660235822335,3.56757441955179,0.356653755805437
-2.15726362912089,3.05489550063127,0.193354176069559
-1.88321658607628,1.40282360965709,1.56785554520084
-1.92618758943751,3.79582492000448,-0.273603024308626
-1.78985481375009,3.35760758873117,1.42935927121184
-3.30504277361936,2.72162777798101,1.35609187786667
-1.75079942983319,1.30359250451045,1.57625033206955
-3.79777423687095,2.19564205929219,0.584738380689167
-3.08623029431078,1.69479959618678,0.766158058992362
-2.26295130140501,2.81385052506437,1.9622729222799
-1.73061278263078,2.97152743580208,0.463449794512561
-1.13273779612241,2.55837507351295,1.39120671864561
-1.83535463880595,2.30081423160894,0.585578218746252
0.669738535213925,0.906494237113006,-1.74721448083836
1.57288960086373,1.37043356422073,-0.881766425305025
1.32021221921393,2.61102828625381,-0.38510826205856
1.74650003850778,1.52446878032373,-2.41884434735645
1.23874966349403,2.45007528971265,-2.48833607918049
0.657194715393946,0.365362550321327,-0.190387699712809
1.16268973341021,1.35783104859613,-1.05996347887658
2.1091467817932,2.61114513395217,-0.520465124613193
0.570919580758703,1.14851331014286,-1.71570181675794
2.53835008092917,1.4754757305335,-2.40421748875861
-0.284084464533553,1.25096392523606,-1.90022973696101
-0.339416402209978,1.32194467310555,-1.83982417795071
0.432990297387891,2.29267468052292,-1.89030131809005
1.91636633728765,2.21632375108975,-1.0256781471511
0.927335963498529,0.497678408646229,-2.08712892703491
0.449183465616384,1.29399033671941,-1.32266581583218
2.35033792288859,1.57414509284842,-0.549082674965021
0.265226946721195,2.48394713337748,-1.87086852836363
0.19470716982686,2.13766538141602,-1.82136471346321
2.34490311357726,0.328716220364087,-1.46949085710227
1.53521379183078,1.36856186165406,-2.44546248225283
0.75167216615823,1.8126833683344,-1.35060835747891
1.11545896354476,0.708596842259592,-1.57477963596481
1.51328970100476,2.00601364873284,-3.04830318678513
1.88453418303621,1.31108326830152,-0.157901042561334
2.18968100963913,1.16156120643343,-1.13715602370836
1.47692366332697,1.89167469632505,-0.493453057906289
1.20975398764343,-0.336046858887843,-2.46118621819775
1.58037935024362,0.76544725070029,-1.87629524059456
2.18735176387242,1.41601811449576,-0.0992768011064317
-0.313687750671277,2.80854647068118,-1.43089912539756
1.28024950363658,2.22211137214802,-2.48477302851794
1.55939148167604,1.63752245519235,-2.658181883935
2.10865934216805,0.905028173999099,-1.70547204630745
0.715654551109743,2.08310442586177,-1.86399708902387
1.22619995463199,1.58447452488152,-1.48136795676391
2.12076200460676,2.6326100474173,-2.36141051809091
1.12978575488303,1.43368563346922,-1.58587484399936
0.664180917433279,2.36166637715851,-1.86389689085956
1.18440908735376,0.774198487830483,-2.94285898664574
0.958493656649046,1.9213322006557,-1.85729694903504
1.18428463967533,0.905511489800158,-2.53625968995778
2.36047648082968,1.40916260987238,0.078229373525216
0.687369775724506,1.91442662169198,-2.41104611563043
0.953414838227937,0.973314791600631,-0.556439590874499
2.13812977803168,1.57465624697327,-2.16237065588783
1.51568444794884,2.14674716540401,-1.39983236498756
-0.77751788209062,1.82730496102196,-0.265556236892559
1.3660853508054,0.182115087109731,-2.311779940824
1.82095926319657,1.6865931188359,-2.0823680363392
-0.00999201568968201,1.64202173519039,-1.75606101022044
1.11762884043812,0.960182153084745,-1.67582711011605
0.157487341153589,1.47685413101176,-2.86059343407358
0.594604293762424,0.9273909559431,1.08239001987197
1.64910033228799,0.903438798706635,-0.297035443622663
0.972684767773083,2.93510779732326,-0.995051995654134
1.47190636335153,0.691606475039798,-1.74092628326654
-1.42484195633454,3.18935227635503,-0.128310244098101
0.303004890655945,1.17412740965506,-1.39145901621606
1.89346999610935,0.717204189805319,-2.32470046044431
1.06698676292799,1.17076096151664,-2.62940376786287
1.58165017289533,1.85103121268539,-1.11902563600831
0.738475151384465,0.929517133544672,-1.77056816807105
0.927315324440987,0.969124550859274,-2.12553329476753
1.06138332085364,2.69147593696107,-0.990221488798367
1.59286167517799,0.727257857452626,-1.72955630826774
2.60960477086221,-0.087432876443443,-0.708093586236833
1.74269659404497,1.23662165486817,-0.1400046693251
1.36961311602911,2.52109341156146,-3.01670874818624
0.982340093647664,0.596949462090482,-1.05298863644494
1.93698390133834,1.04931037938423,-0.56784893352977
3.04913101315702,0.66529923150608,-1.37075618112141
1.42056510874398,2.03735051688046,-2.85552962195377
0.450060034419428,0.382324943051366,-0.650036068864874
1.81149330504506,0.59730818735831,-2.16517037752994
1.4275801702018,1.0814127288056,-1.49970793634921
1.26138324402265,1.62178930482984,-2.04721424030307
2.34480388311861,1.03282918467413,-0.852471527969057
0.689802313248993,1.98785392649703,-0.884368236440916
2.12121317503986,1.127615364601,-0.978528105816041
1.52021804107232,2.03614526650279,-3.00969479538773
0.684980653299274,1.19214060365541,-3.14211737264178
1.95530024379386,2.50925239936709,-0.900052085654752
1.30450615703739,1.17616773685217,-1.72697503858253
1.69677286505995,1.9313067822634,0.171048862556659
2.2569041542966,1.3496737960029,-1.27841703971528
1.43496462249076,0.951869635392254,-2.55372006670373
0.543197790498046,2.91693179883057,-1.78945503173031
3.00788537946644,1.6131243304498,-0.68575333646208
1.27723078137193,0.581808815145563,-1.92351656257728
0.684986573259505,1.32507470462764,-2.16942944467169
0.167927124902798,2.45142562854142,-2.22702416745097
0.64575941145044,0.94719530180274,-1.79977637538909
2.20380770944674,1.68790960459519,-1.62036928074748
1.78051418258812,0.400721110930146,-1.65174431348115
1.55324333299988,0.982153669661902,-1.64813966336476
2.3964602216793,1.09121823793252,-0.924851378008184
0.301513779785895,2.24860395929023,-2.39586035494233
0.296043209051452,2.15558213971015,-2.1354473772588
1.77689181684062,0.094106800300625,-2.78997384536173
2.32824041015667,0.4925130536844,0.870804717905535
1.41354055789044,-1.47917630562234,-0.659780037166144
2.32006746969201,-0.910277402502256,-0.315530414004087
2.38489027481367,-0.223445642022867,-1.16450715414182
1.66157013869842,-1.27969823299633,-0.547470814875519
1.68554137296013,1.13730933065746,0.454073226356038
0.852639614129894,0.48157937838569,-1.25771130711141
2.59944211486977,-0.334692713756745,-0.296232442569232
1.40993708694765,0.47940692288269,-0.840508276438836
1.41332867613556,0.0915995772861471,-1.27561055910082
2.09789409188338,-0.542057608570061,-0.388816282425749
0.895927850384562,0.889122803675631,0.143812810464411
0.617054147308097,-0.377337311613774,-0.865582763713365
1.61627279910788,0.578282903338862,-2.26056967310413
1.70111839261302,-0.109653875945369,-0.165539872959647
2.14294530544968,-0.683068494651749,-0.554159807902551
2.14675782529317,-0.728290522408812,-0.876758328072991
2.88079253812737,-1.396578944881,0.384171242190837
0.747821954546826,-0.0672835786432912,-0.17788286006955
0.76648874214831,0.660813340625139,-1.10265777822845
2.00137635094626,0.40842567413081,-0.407591175505208
1.93082229267879,0.414358571517907,-0.116163204559205
1.23826873426808,-0.175652882332663,-0.750063201105643
2.27313555105613,0.605435510477284,-1.21317037309115
2.51276197471175,-1.59701840744918,0.753257404703466
0.999595985621478,0.447248097414211,-2.51661382997634
2.14160262317006,0.386761117957122,-0.0140355054382776
1.37552841783971,0.0468517378504624,-0.866475857261503
1.98500423071174,-0.512326719017866,-0.268170244739972
2.94182349772538,-0.902007210021709,-0.509364931662461
1.18546199361345,0.271116737345852,0.0212338148010756
1.50234237833969,-0.263766422870984,-1.80076983784803
2.5309489527269,0.540683973912565,-2.23533263255472
2.37465406131593,-1.20515284956119,0.505344137666605
0.46587624346652,-1.01474547016595,0.510891620210742
2.51012282217264,0.527764096165925,-0.974171487894863
2.32410124338376,1.23430610218174,-0.0374696629596556
2.14820254989587,0.739207447336301,-1.24683122072257
2.39148912725572,0.0337913624557328,0.0424139145737868
2.26479696789178,0.240296443227048,-0.492214098475825
1.65487379599772,-0.417769428976776,-0.345545794706909
2.05671284124933,0.173080225746522,-1.36360273055256
2.12975158527612,-0.0273155533337754,-0.87110597558215
2.28018171160993,0.178943895628457,-1.7051806361331
1.89490828174524,-0.535023560554006,0.965024778474137
2.30046325490096,-0.620076125460541,-1.84941653610175
1.13310915304548,-0.409677185109885,-0.0257847647345435
0.184515747064257,0.198008629332236,-1.26738754057204
1.25651455418706,0.83810160553908,-0.852560140780458
1.29400839095374,0.722399127908623,-0.712145113750758
1.56497782532791,0.786100658129034,-1.12478477555427
2.03414075474147,-1.06560286177256,-0.0369463935465032
1.41291702770933,0.939873563041858,-2.05159262425417
1.24962954601697,0.845843968044003,-1.3823604887311
2.28382266183191,-0.12102687007659,0.981809349378552
1.4150889149681,-0.165072859946072,-0.548976652212823
3.53267628558075,0.5745969854657,0.121762562329836
1.8497204566263,0.655788665162354,-0.0959185614844304
1.18398697949354,0.529499577412619,-1.94005432056594
2.1351768963561,-0.465453997564456,-0.590664552690046
2.95190096495333,-0.68668953376113,-1.32814458653957
3.25076387689289,0.128402956163205,0.14293875927029
2.70961048727183,-0.479938001623853,-0.347281881815428
1.29502305634314,0.128993695977123,-0.822543581297535
1.21988195492878,-0.486492464865512,-1.76741606650203
2.07409098191663,-0.716491275492084,0.0825168208047288
2.14333705966355,-0.710952805794333,-0.117365876518216
1.43118154139396,-0.438908981204543,-1.47461478500374
0.568841439738713,-0.653381000169557,-0.571130106933918
2.17091265586712,-0.575354714048504,0.337460336141885
2.51647667985579,0.328332714598349,-0.973774519973867
2.2651058511372,-0.799363692911447,-1.03935321041841
3.46427096515771,-0.247406349098632,-0.380019477794673
1.74971350874994,1.00498706026106,0.568870893721849
1.45848637560779,-1.1026144719611,1.11005692650284
1.87516817302233,0.428436244355317,-0.115984709849972
1.70609474518263,0.197669902734761,-2.31999521905048
0.842360207484932,0.225327343740319,-0.728096333200839
1.26064709655878,-0.13871959399446,-1.94402461659524
1.1730299775451,1.62272566944009,-1.60864050572778
1.5130271954593,0.646634560576949,0.0775438045941285
1.64270096771925,-0.948504166260758,-0.349458240072853
2.18133482277415,0.300348468854621,-0.627865745043386
1.46588356801565,-0.0152599062878351,-0.529894311295907
0.931218250780295,0.0467692891625374,-1.98944119385356
1.60548109924809,0.0990820906842109,-0.709736116536314
1.21765065699545,-0.186073046752061,-0.220086468925313
1.25649925304277,-0.64407260475739,-1.08304978906666
1.29996457298119,-0.0287517708746715,-0.652611738416521
2.68247611828015,1.78105631337735,-0.193635904022779
3.26490694410126,-0.882558598659787,-0.44415162046067
1.89127182509492,-0.622092998304684,0.495341344376444
2.08888064785506,0.202526767750566,-0.0439711561463895
1.73272833450448,0.405436603159072,-1.52091210494195
2.35035522566102,1.00288502992085,-1.83902039471388
1.62204441601219,-0.173080205452755,0.436161983049798
2.17825455435746,-0.876283504548407,0.569704151815065
1.38311743568523,-0.471248294922319,-1.77260115108995
1.68348367377245,0.136368021500094,-1.61542381540121
1.49633323298219,0.433378476033579,0.216324806197541
